accuracy,auc,loss,precision,recall,val_accuracy,val_auc,val_loss,val_precision,val_recall,learning_rate
0.9635509252548218,0.9421792030334473,0.2641008496284485,0.16003525257110596,0.885802149772644,0.973355770111084,0.9460861682891846,0.19393832981586456,0.2053946703672409,0.883475661277771,0.0010000000474974513
0.9744384288787842,0.9472864866256714,0.23594233393669128,0.21552658081054688,0.8866503834724426,0.9789254665374756,0.9471311569213867,0.17848879098892212,0.24749258160591125,0.8799598217010498,0.0010000000474974513
0.9754437208175659,0.9471431374549866,0.23283007740974426,0.2226363867521286,0.8866503834724426,0.9751429557800293,0.9474421739578247,0.17816510796546936,0.21723541617393494,0.8824711441993713,0.0010000000474974513
0.9759588837623596,0.9474582672119141,0.23049387335777283,0.22628726065158844,0.8853780031204224,0.9755972623825073,0.9475900530815125,0.17852990329265594,0.22050702571868896,0.8824711441993713,0.0010000000474974513
0.9758737087249756,0.9470858573913574,0.22996799647808075,0.2257489413022995,0.8861202597618103,0.9779220819473267,0.9476443529129028,0.1815565973520279,0.23856209218502045,0.8799598217010498,0.0010000000474974513
0.976490318775177,0.9471756219863892,0.22861288487911224,0.23040635883808136,0.8855900764465332,0.9768202900886536,0.9478277564048767,0.1785510927438736,0.22975271940231323,0.8819688558578491,0.0010000000474974513
0.9754769802093506,0.9466220140457153,0.2285841554403305,0.22295352816581726,0.8871805667877197,0.970118522644043,0.9477266669273376,0.1801343411207199,0.1873476803302765,0.8879959583282471,0.0010000000474974513
0.9758209586143494,0.9490681290626526,0.22607941925525665,0.22521987557411194,0.8851659297943115,0.9705690741539001,0.9478285908699036,0.17769187688827515,0.18987341225147247,0.8890004754066467,0.0010000000474974513
0.9754737019538879,0.9480312466621399,0.22606748342514038,0.2229740470647812,0.887498676776886,0.9754799008369446,0.9481174349784851,0.17425507307052612,0.21972253918647766,0.8829733729362488,0.0005000000237487257
0.9759118556976318,0.9483222365379333,0.22552521526813507,0.22610999643802643,0.8866503834724426,0.9772443175315857,0.9481455683708191,0.1755388379096985,0.23309868574142456,0.8814666271209717,0.0005000000237487257
0.9770883321762085,0.9484075903892517,0.22501444816589355,0.23511351644992828,0.8850598931312561,0.9769149422645569,0.9481841325759888,0.17940832674503326,0.2303651124238968,0.8809643387794495,0.0005000000237487257
0.9770201444625854,0.9492042660713196,0.22392721474170685,0.2345883697271347,0.8852719664573669,0.9790390133857727,0.9482417702674866,0.1772325336933136,0.24847452342510223,0.8794575333595276,0.0002500000118743628
0.9773674011230469,0.9488021731376648,0.22379304468631744,0.23753340542316437,0.8859081864356995,0.9781681895256042,0.9482890367507935,0.18150655925273895,0.2406924068927765,0.8799598217010498,0.0002500000118743628
0.9774120450019836,0.9484114050865173,0.2241435945034027,0.2378755509853363,0.8856961131095886,0.9781189560890198,0.9481819272041321,0.17805522680282593,0.24026329815387726,0.8799598217010498,0.0002500000118743628
0.9769293069839478,0.9485727548599243,0.22387480735778809,0.23391206562519073,0.8856961131095886,0.9779145121574402,0.948181688785553,0.1818568855524063,0.23856832087039948,0.8804620504379272,0.0001250000059371814
0.9766031503677368,0.9486814141273499,0.2235502153635025,0.23130814731121063,0.8856961131095886,0.9779713153839111,0.9482361078262329,0.1823335736989975,0.2390563189983368,0.8804620504379272,0.0001250000059371814
0.9768075942993164,0.9488853216171265,0.22333656251430511,0.2330973744392395,0.8868624567985535,0.97801673412323,0.9482203125953674,0.1823243498802185,0.2394481599330902,0.8804620504379272,6.25000029685907e-05
0.9766656160354614,0.9489545822143555,0.2235284149646759,0.23184706270694733,0.8860142230987549,0.9781152009963989,0.9481998682022095,0.18110665678977966,0.24030157923698425,0.8804620504379272,6.25000029685907e-05
